{"nli_accuracy": [0.6829150910965968, 0.7053282915091097, 0.7148848401512548, 0.722310072189756, 0.7234788587143348, 0.7214162942591956, 0.737229288415263, 0.7426607081471296, 0.7408731522860089, 0.7464420763148848, 0.748710897215538], "nli_f1": [0.6715900976093288, 0.6973538613222593, 0.7090602365953453, 0.717216932632116, 0.7191440241980558, 0.7093718420456316, 0.7343394687159257, 0.7387925462083624, 0.739012828913606, 0.7436386866705551, 0.7448989372580316], "overall_accuracy": [0.698934341698178, 0.7119972499140598, 0.7156411137848058, 0.7201787555861121, 0.7145410794087316, 0.72726022688209, 0.7239601237538673, 0.735304228257133, 0.7271914747335855, 0.736266758336198, 0.7413544173255414], "overall_f1": [0.6818341389723404, 0.6990397829225884, 0.7053442274738417, 0.7108171012635265, 0.7061280200071918, 0.7092928311142079, 0.7176642195624576, 0.7276846869046321, 0.7225009974942729, 0.7301890537724909, 0.7338838277899096], "average_enough_retrieved": [0.9538673083533861, 0.9548298384324511, 0.9545548298384324, 0.9542798212444139, 0.9550360948779649, 0.9549673427294603, 0.9549673427294603, 0.9544173255414232, 0.9544173255414232, 0.9544860776899278, 0.9546923341354417], "average_total_retrieved": [0.9354743166857712, 0.9369489411408012, 0.9360170494199784, 0.9362478602042443, 0.9372958120995665, 0.9362840096474064, 0.935820287318782, 0.9366703039611671, 0.9365162182636361, 0.9365293620567327, 0.9369033246359203], "average_loss1": [0.0, 0.0, 0.0, 0.0, 0.0, 0.0, 0.0, 0.0, 0.0, 0.0, 0.0], "average_loss2": [0.5787104360367122, 0.5522340771399046, 0.5398058091339312, 0.5298781194969228, 0.5265096542343759, 0.5312358288649928, 0.5233365234575773, 0.5297472341018811, 0.5258576917020898, 0.518929627380873, 0.5308467100063959], "average_total_loss": [0.520839379021996, 0.49701065635472014, 0.48582521394679423, 0.4768902956132303, 0.473858676327948, 0.4781122333125064, 0.4710028588510396, 0.47677249696693924, 0.4732719116043626, 0.46703665193758515, 0.477762027529248]}