{"nli_f1": [[0.3788965752839696, 0.3788965752839696, 0.3788965752839696, 0.3788965752839696, 0.3845623850414205, 0.2805559677499134, 0.2907712304092064, 0.3788965752839696], [0.6758512821592433, 0.6773745475177149, 0.6788795014326928, 0.6518215876857726, 0.6655113620465651, 0.6775378887871533, 0.6714994316161632, 0.6633432794488069], [0.7039296161657043, 0.706033693610514, 0.7048461331177109, 0.6988126856849539, 0.6858358102403099, 0.7044930372493021, 0.6972862545418592, 0.6986473568344407], [0.7071840419426414, 0.7179570404928937, 0.7218849610402944, 0.7138119848387697, 0.7081486526386578, 0.7168132957105604, 0.7176810123630517, 0.7095442610737167], [0.7210010465396548, 0.7344185250258939, 0.7348803209891046, 0.7209969998550028, 0.7162770046335025, 0.7275971858137671, 0.730673195690065, 0.7226822819345553], [0.7238456194762961, 0.732738106234535, 0.7389004301595341, 0.7327017801341627, 0.7208589012626847, 0.7348186292036027, 0.7393053695940788, 0.7329674624065117], [0.7247361815627162, 0.7281810080276082, 0.7402656738985217, 0.7319987195118591, 0.717539895016249, 0.7245270023965715, 0.7345246158093588, 0.7207241805095969]], "average_enough_retrieved": [0.8376074252320385, 0.8376074252320385, 0.8376074252320385, 0.8376074252320385, 0.8376074252320385, 0.8376074252320385, 0.8376074252320385], "average_total_retrieved": [0.7878876666475497, 0.7878876666475497, 0.7878876666475497, 0.7878876666475497, 0.7878876666475497, 0.7878876666475497, 0.7878876666475497], "average_loss2": [[0.6845047902642635, 0.6807611223898435, 0.6892288630468804, 0.6812924235536341, 0.7015929961936516, 0.701543712563682, 0.6988734610770878, 0.686239222685496], [0.5591123900131175, 0.5660035235055706, 0.5611299663259272, 0.5751755627100927, 0.5652107299681295, 0.5671900492488292, 0.5668637280662855, 0.5775748939629186], [0.5355070317000673, 0.5308591482932108, 0.5321299636311698, 0.542192904311314, 0.5424927782855535, 0.5324757402403313, 0.5333616116590667, 0.5426965910091734], [0.5346430110042555, 0.5136336821474528, 0.5142223003663515, 0.5236579344460839, 0.5315539801591321, 0.5189080569043494, 0.5201717888315519, 0.5242343565873933], [0.5189439769376788, 0.5029496559709833, 0.4983384138659427, 0.5061122364642328, 0.5222283754693834, 0.5089891445741319, 0.49942145392037274, 0.5111859925744826], [0.5322074053580301, 0.49513105760540876, 0.49561336924109545, 0.49739855057314825, 0.5234255479616031, 0.49677173819458276, 0.4948899130287923, 0.501501944896422], [0.542075994114081, 0.5134439323293535, 0.5061908213977229, 0.5158042417545068, 0.536188971970165, 0.5253965118736551, 0.5050661831832769, 0.521977648008288]]}