{"nli_f1": [[0.3947600834711683, 0.3642641723851567, 0.29923877433031415, 0.3642641723851567], [0.6478096005109757, 0.6651705804712296, 0.6697480333007837, 0.6674091466789951], [0.6812026332105963, 0.6746427580085164, 0.6896504810518684, 0.6874364643889701], [0.6896482019015573, 0.7113409926213587, 0.7160497194666743, 0.7141444365377234]], "average_enough_retrieved": [0.8746648332760398, 0.8746648332760398, 0.8746648332760398, 0.8746648332760398], "average_total_retrieved": [0.8392125937061027, 0.8392125937061027, 0.8392125937061027, 0.8392125937061027], "average_loss2": [[0.6866929993817681, 0.6851952227584103, 0.6959614528898608, 0.6889463038298121], [0.5939383148624185, 0.5902189587553343, 0.5854287706969077, 0.5892989564883081], [0.5743907305755114, 0.5747125181451178, 0.5587675457722262, 0.5635549858735319], [0.5633767274649519, 0.5412234229999676, 0.5352126642277366, 0.5364401401919231]]}