{"nli_f1": [[0.4256210969885802, 0.3642641723851567, 0.29923877433031415, 0.3642641723851567], [0.6514875206585797, 0.6621869081393518, 0.67085094547645, 0.6646475006063475], [0.6860780906804991, 0.6936019096852548, 0.6966119708377203, 0.6977102859750062], [0.6873433315068913, 0.7060996072148238, 0.706753510917169, 0.7026519427373781]], "average_enough_retrieved": [0.8746648332760398, 0.8746648332760398, 0.8746648332760398, 0.8746648332760398], "average_total_retrieved": [0.8392125937061027, 0.8392125937061028, 0.8392125937061027, 0.8392125937061027], "average_loss2": [[0.6976362814505895, 0.6895919580731475, 0.6952844583674481, 0.6924848684616256], [0.5950656589447406, 0.591505476910817, 0.5877783899767357, 0.5859632735189638], [0.5734567698418048, 0.5572398785959211, 0.5581347210365429, 0.5543838296281663], [0.5709502762346937, 0.5463717770681047, 0.5417732965005072, 0.5476220210916117]]}