{"nli_accuracy": [[0.31433143314331435, 0.714071407140714, 0.2859285928592859, 0.714071407140714, 0.7066706670667067, 0.2859285928592859, 0.7130713071307131, 0.2859285928592859], [0.701970197019702, 0.6952695269526953, 0.6547654765476547, 0.5975597559755975, 0.5589558955895589, 0.6678667866786678, 0.677967796779678, 0.6195619561956196], [0.6634663466346634, 0.6307630763076307, 0.67996799679968, 0.6810681068106811, 0.6735673567356736, 0.6438643864386439, 0.6826682668266827, 0.6686668666866686], [0.6948694869486949, 0.7027702770277028, 0.6764676467646765, 0.6572657265726572, 0.6527652765276528, 0.6892689268926893, 0.6733673367336733, 0.6628662866286629], [0.6634663466346634, 0.6348634863486349, 0.6668666866686669, 0.6325632563256326, 0.6360636063606361, 0.6264626462646264, 0.6564656465646564, 0.6971697169716972], [0.5481548154815482, 0.5974597459745975, 0.6348634863486349, 0.5897589758975897, 0.5947594759475947, 0.6322632263226322, 0.5951595159515951, 0.6518651865186519], [0.6572657265726572, 0.5777577757775778, 0.6674667466746674, 0.6960696069606961, 0.662966296629663, 0.6658665866586658, 0.6517651765176518, 0.5431543154315431], [0.6903690369036903, 0.6713671367136713, 0.6585658565856586, 0.6887688768876887, 0.6508650865086508, 0.673967396739674, 0.6625662566256626, 0.6541654165416542]], "average_enough_retrieved": [0.9525952595259526, 0.9525952595259526, 0.9525952595259526, 0.9525952595259526, 0.9525952595259526, 0.9525952595259526, 0.9525952595259526, 0.9525952595259526], "average_total_retrieved": [0.913918727731359, 0.913918727731359, 0.913918727731359, 0.913918727731359, 0.913918727731359, 0.913918727731359, 0.913918727731359, 0.913918727731359], "average_loss2": [[0.6970746407083644, 0.6905825783492653, 0.7132029210685924, 0.6540586572543831, 0.6676140492129478, 0.7010348951740629, 0.6839217528416093, 0.7140478860041138], [0.5644067935882859, 0.5651907461464025, 0.5804423029255715, 0.6444622380718305, 0.6748391693564737, 0.5788530358083689, 0.574271707398117, 0.6222394746579941], [0.5875434681868098, 0.5962366049836396, 0.5632707298181618, 0.5661753772929975, 0.576435157827511, 0.5900389293956149, 0.5647972740565136, 0.5732468784235085], [0.5602093667361387, 0.5530790122830944, 0.567640368346196, 0.5815405896894491, 0.59900148279348, 0.5528103016364346, 0.5641844900930004, 0.5705425435570395], [0.5972497026631787, 0.622419683796585, 0.5801631088849086, 0.6098205521228207, 0.6303269388569388, 0.6154503222483738, 0.5816613018133079, 0.5523496133506678], [0.7509550657241967, 0.7094725349526496, 0.6388609730134345, 0.6511559979930804, 0.6905158114661077, 0.6099253374679833, 0.6643923000924906, 0.5959145422953709], [0.634605764963065, 0.7822567406733325, 0.6102443369710522, 0.5544678274613277, 0.6218890014347757, 0.6113881351082189, 0.6114720168766702, 0.7024583884864856], [0.6753697535794252, 0.6546578323765165, 0.6480620159844684, 0.6056256903584596, 0.6613165440073439, 0.6419707157049969, 0.6332870600329843, 0.606841641816364]]}