{"nli_accuracy": [[0.714071407140714, 0.714071407140714, 0.2859285928592859, 0.714071407140714, 0.6684668466846685, 0.6700670067006701, 0.714071407140714, 0.714071407140714], [0.7142714271427143, 0.7162716271627163, 0.7177717771777178, 0.7152715271527152, 0.7144714471447144, 0.7180718071807181, 0.7162716271627163, 0.7137713771377138], [0.7128712871287128, 0.7201720172017202, 0.7166716671667167, 0.7096709670967096, 0.6837683768376838, 0.7203720372037203, 0.7202720272027203, 0.7161716171617162], [0.7008700870087009, 0.7181718171817182, 0.7222722272227222, 0.7199719971997199, 0.7132713271327132, 0.6757675767576757, 0.7197719771977198, 0.7121712171217122], [0.7202720272027203, 0.7165716571657166, 0.697069706970697, 0.7001700170017001, 0.6802680268026803, 0.7050705070507051, 0.6916691669166917, 0.7107710771077108], [0.6404640464046405, 0.6530653065306531, 0.6769676967696769, 0.6912691269126913, 0.6993699369936993, 0.6566656665666567, 0.6976697669766977, 0.7053705370537053], [0.6956695669566957, 0.6992699269926993, 0.6718671867186718, 0.6616661666166617, 0.693069306930693, 0.6988698869886989, 0.6891689168916891, 0.6553655365536554], [0.6928692869286929, 0.7067706770677068, 0.7167716771677167, 0.7192719271927193, 0.6955695569556956, 0.7138713871387139, 0.7021702170217021, 0.7066706670667067]], "average_enough_retrieved": [0.9525952595259526, 0.9525952595259526, 0.9525952595259526, 0.9525952595259526, 0.9525952595259526, 0.9525952595259526, 0.9525952595259526, 0.9525952595259526], "average_total_retrieved": [0.913918727731359, 0.913918727731359, 0.913918727731359, 0.913918727731359, 0.913918727731359, 0.913918727731359, 0.913918727731359, 0.913918727731359], "average_loss2": [[0.672488124507248, 0.6727927721989383, 0.7109134030190243, 0.6773144557217884, 0.6786383382833687, 0.6911837637044822, 0.6568079199760583, 0.6907998482892468], [0.5724783668852156, 0.5626458605383612, 0.5549453419105262, 0.5785944894620567, 0.5712418495469792, 0.5663842653772634, 0.5583231730066287, 0.5812067890622813], [0.567692733114692, 0.5510362069697896, 0.5524768235197492, 0.5575865786166707, 0.5752099363287543, 0.5540371328402477, 0.5517296737926022, 0.5548890895524602], [0.5722635483286184, 0.5518158226256158, 0.57531369377853, 0.5571759130544723, 0.5858463476038283, 0.572032092673004, 0.5570067370393473, 0.5570708528445785], [0.6467741146968429, 0.5995138321712519, 0.5856697155032188, 0.556148492037111, 0.5858899315071714, 0.5825716481087314, 0.5625551808032261, 0.5517378637365474], [0.6231853682903727, 0.6120831911351271, 0.5965245626154979, 0.5694216816288651, 0.6129708132546419, 0.602159439568307, 0.5686813822597455, 0.5694611924848739], [0.6277869637984379, 0.6194516424160854, 0.6332819357419469, 0.6012736678503121, 0.6608320491708768, 0.6166755868371125, 0.6082813866958496, 0.5827718876349698], [0.6469011384590416, 0.6479314292312428, 0.6932528869361635, 0.6490017272484531, 0.6903388331270521, 0.6960190919933805, 0.6083512467563532, 0.5998215373534306]]}