{"nli_accuracy": [0.6010312822275696, 0.6464077002406325], "nli_f1": [0.3754025851333362, 0.635643568455585], "overall_accuracy": [0.44764523891371605, 0.603643863870746], "overall_f1": [0.30922302431610943, 0.6027756509669537], "average_enough_retrieved": [0.8466139566861465, 0.8748710897215538], "average_total_retrieved": [0.7809353494563194, 0.8393157219288608], "average_loss1": [0.3089100519816081, 0.26053977123739425], "average_loss2": [0.6872641161868447, 0.6129972968708005], "average_total_loss": [0.9961741699984199, 0.873537067519991]}