{"nli_accuracy": [0.7676767676767676, 0.7646764676467647, 0.7647764776477648, 0.7693769376937694, 0.7650765076507651, 0.7635763576357636, 0.7540754075407541, 0.7491749174917491, 0.7367736773677368, 0.7433743374337434, 0.744974497449745, 0.7354735473547355, 0.7415741574157416, 0.742074207420742, 0.7405740574057406, 0.7411741174117412, 0.7404740474047404, 0.7418741874187419, 0.7392739273927392, 0.7378737873787379, 0.7382738273827383, 0.738073807380738, 0.7387738773877388, 0.7382738273827383], "nli_f1": [0.4342857142857142, 0.5144565568200323, 0.5297339451669332, 0.5203106950040917, 0.5524485484915997, 0.5417300049833121, 0.5579720310156688, 0.5799104898733561, 0.5911859576600276, 0.5869737686981477, 0.5837441346131743, 0.5983760286113642, 0.5936421408318009, 0.5964912824246555, 0.5898853461530434, 0.5948546403489985, 0.594900718502547, 0.5949586503394455, 0.5916496742575258, 0.5916056357825394, 0.590853333112765, 0.5913070923956991, 0.5909435364181239, 0.5905458263300983], "overall_accuracy": [0.6666666666666666, 0.673067306730673, 0.6747674767476748, 0.675967596759676, 0.6794679467946795, 0.6747674767476748, 0.6776677667766776, 0.680968096809681, 0.6777677767776777, 0.6791679167916792, 0.6777677767776777, 0.6788678867886788, 0.6804680468046804, 0.6801680168016802, 0.678067806780678, 0.6794679467946795, 0.6795679567956796, 0.6797679767976798, 0.6782678267826783, 0.6782678267826783, 0.6778677867786779, 0.6778677867786779, 0.6775677567756776, 0.6778677867786779], "overall_f1": [0.4, 0.47224798681382496, 0.4860517047024334, 0.4740954413540241, 0.5098535184191227, 0.4967475372521451, 0.5195648280021388, 0.548018627235817, 0.5678393476474104, 0.5583993735472391, 0.5519261591697427, 0.5763900141169513, 0.5672748068271224, 0.5684783732873976, 0.5623218338109724, 0.5673555752268327, 0.5683790457194278, 0.5669859173307782, 0.5646568280458119, 0.5663311128712761, 0.5647167699343469, 0.5653151853641062, 0.5637698557341151, 0.5644766123607138], "conditional_accuracy": [0.6666666666666666, 0.6683668366836684, 0.6692669266926693, 0.6721672167216721, 0.6717671767176717, 0.6686668666866686, 0.6696669666966697, 0.6688668866886689, 0.6610661066106611, 0.665066506650665, 0.6651665166516652, 0.660966096609661, 0.665066506650665, 0.6651665166516652, 0.6633663366336634, 0.6643664366436643, 0.6640664066406641, 0.6648664866486649, 0.6635663566356635, 0.6628662866286629, 0.6628662866286629, 0.6627662766276627, 0.662966296629663, 0.6628662866286629], "conditional_f1": [0.4, 0.4595820149684023, 0.4717696710994048, 0.46381684245461524, 0.4909794460458704, 0.48145514262842004, 0.5007614866763073, 0.5218840921601007, 0.5347540081916471, 0.5293057158135404, 0.5254862069935247, 0.5419413671717653, 0.5363769045423921, 0.5385956733477565, 0.5325888170064694, 0.537225824388597, 0.5375467210236025, 0.5371785875219901, 0.535180720573997, 0.5356269858977537, 0.5346862456298617, 0.5351538777999715, 0.5344868659118466, 0.5344162991753593], "average_enough_retrieved": [0.898989898989899, 0.898989898989899, 0.898989898989899, 0.898989898989899, 0.898989898989899, 0.898989898989899, 0.9075907590759076, 0.9075907590759076, 0.9075907590759076, 0.9075907590759076, 0.9075907590759076, 0.9075907590759076, 0.9080908090809081, 0.9080908090809081, 0.9080908090809081, 0.9080908090809081, 0.9080908090809081, 0.9080908090809081, 0.9095909590959096, 0.9095909590959096, 0.9095909590959096, 0.9095909590959096, 0.9095909590959096, 0.9095909590959096], "average_total_retrieved": [0.7835850558360301, 0.7835850558360303, 0.78358505583603, 0.7835850558360302, 0.7835850558360299, 0.7835850558360301, 0.8050844243876035, 0.8050844243876041, 0.8050844243876039, 0.8050844243876037, 0.8050844243876039, 0.8050844243876039, 0.8057160784621021, 0.8057160784621021, 0.8057160784621024, 0.8057160784621022, 0.8057160784621017, 0.8057160784621025, 0.8081871589034795, 0.80818715890348, 0.8081871589034796, 0.8081871589034796, 0.8081871589034796, 0.8081871589034798], "average_loss1": [0.29633720323538326, 0.2987058071573828, 0.2959427334320773, 0.2948790588386499, 0.29575380274824276, 0.2943296584354085, 0.2967250138331371, 0.29477120594234224, 0.29604806461531646, 0.2947672561855073, 0.29658979452719353, 0.2948779579560468, 0.29576477057235256, 0.29514704217576676, 0.29570470892699663, 0.2957438915778118, 0.29479778078710955, 0.29536257636774876, 0.29571118210531344, 0.2948071267574456, 0.2962834402254433, 0.2948769499921495, 0.29560098317778033, 0.29573920160342176], "average_loss2": [0.5474903522783025, 0.5023135015159655, 0.49895175987747825, 0.49437739021459204, 0.4912114707147999, 0.4978365919012932, 0.5063688445622754, 0.506138649336092, 0.5162667461261627, 0.515081694741158, 0.5168797022597805, 0.5244538347432568, 0.5185673580427838, 0.518864702836723, 0.5193117575091162, 0.5221988437282052, 0.5230904836563548, 0.5208369943366689, 0.5243977463928757, 0.5248612509031964, 0.5247247112784416, 0.527117470267472, 0.5244925677017042, 0.5245833548770589], "average_total_loss": [0.8438275547543909, 0.8010193086733484, 0.7948944940688504, 0.789256447060093, 0.7869652748867205, 0.7921662505265255, 0.8030938555480568, 0.8009098532852853, 0.8123148129244518, 0.8098489532045497, 0.813469496122591, 0.8193317913705376, 0.8143321290896957, 0.8140117423549579, 0.8150164686190854, 0.8179427366347829, 0.8178882633045221, 0.8161995718433599, 0.8201089284981892, 0.8196683791792316, 0.8210081549207117, 0.8219944208290926, 0.8200935508794845, 0.8203225579990703]}