{"nli_accuracy": [0.689018901890189, 0.697919791979198, 0.6999199919992], "nli_f1": [0.6366351521755622, 0.6381960657065836, 0.6379964580495132], "overall_accuracy": [0.6668666866686669, 0.673967396739674, 0.6722172217221722], "overall_f1": [0.6321445465961149, 0.6324102551241131, 0.6281690430889518], "average_enough_retrieved": [0.9275427542754275, 0.92994299429943, 0.9305930593059306], "average_total_retrieved": [0.8520910000451714, 0.8555006267221252, 0.8583384105005029], "average_loss1": [0.27073885709904255, 0.26886292382741506, 0.2676309596616239], "average_loss2": [0.5781226050549041, 0.5953079941935433, 0.6365552734071835], "average_total_loss": [0.848861460868543, 0.8641709174972754, 0.9041862341161734]}