{"nli_accuracy": [0.49965635738831615, 0.5003436426116838, 0.5003436426116838, 0.5003436426116838], "nli_f1": [0.33318056828597614, 0.33348602840128266, 0.33348602840128266, 0.33348602840128266], "overall_accuracy": [0.465979381443299, 0.534020618556701, 0.534020618556701, 0.534020618556701], "overall_f1": [0.31786216596343175, 0.3481182795698925, 0.3481182795698925, 0.3481182795698925], "average_enough_retrieved": [0.9663230240549828, 0.9663230240549828, 0.9663230240549828, 0.9663230240549828], "average_total_retrieved": [0.9590138994262705, 0.9590138994262705, 0.9590138994262706, 0.9590138994262708], "average_loss1": [0.26312844455242157, 0.2634594123000684, 0.26318607123001764, 0.26308742035990174], "average_loss2": [0.6937895469043566, 0.6934063097705012, 0.6934685551601908, 0.6937443173449972], "average_total_loss": [0.9569179908089016, 0.9568657201269398, 0.9566546341647273, 0.9568317480709242]}