{"nli_accuracy": [0.7702770277027703, 0.7702770277027703, 0.7702770277027703], "nli_f1": [0.43511666007570193, 0.43511666007570193, 0.43511666007570193], "overall_accuracy": [0.6666666666666666, 0.6666666666666666, 0.6666666666666666], "overall_f1": [0.4, 0.4, 0.4], "conditional_accuracy": [0.6666666666666666, 0.6666666666666666, 0.6666666666666666], "conditional_f1": [0.4, 0.4, 0.4], "average_enough_retrieved": [0.8963896389638963, 0.8963896389638963, 0.8963896389638963], "average_total_retrieved": [0.7783377453907, 0.7783377453907, 0.7783377453907], "average_loss1": [0.29573758525453553, 0.29107820570089254, 0.2910455757645285], "average_loss2": [0.5442482405787061, 0.5368345358948798, 0.5026015626017455], "average_total_loss": [0.8399858258332417, 0.8279127421652436, 0.79364713969504]}