{"nli_accuracy": [0.733973397339734, 0.733973397339734, 0.7260726072607261, 0.7374737473747375, 0.7352735273527353, 0.7348734873487349], "nli_f1": [0.42328988349290575, 0.42328988349290575, 0.5665450924839806, 0.551376010976987, 0.5846011419792764, 0.590130382343927], "overall_accuracy": [0.6666666666666666, 0.6666666666666666, 0.6705670567056705, 0.6781678167816781, 0.6817681768176818, 0.683968396839684], "overall_f1": [0.4, 0.4, 0.5354192883638172, 0.5177464571052973, 0.5541877474841737, 0.5624775331899519], "conditional_accuracy": [0.6666666666666666, 0.6666666666666666, 0.6646664666466646, 0.6741674167416741, 0.6748674867486749, 0.6757675767576757], "conditional_f1": [0.4, 0.4, 0.5227910556491953, 0.5083405434500186, 0.539729253026505, 0.545645242673813], "average_enough_retrieved": [0.9326932693269328, 0.9326932693269328, 0.9326932693269328, 0.9326932693269328, 0.9326932693269328, 0.9326932693269328], "average_total_retrieved": [0.8745022500085506, 0.8745022500085498, 0.87450225000855, 0.8745022500085501, 0.8745022500085501, 0.8745022500085498], "average_loss1": [0.17189157782656372, 0.16022598677000421, 0.1580964622508948, 0.15701165515336263, 0.15568126363169615, 0.15604543633711565], "average_loss2": [0.5910209967831898, 0.5780747754938284, 0.5502723411769624, 0.5332601508896821, 0.5281517150675415, 0.5204418738176868], "average_total_loss": [0.7629125752266804, 0.738300761979097, 0.708368804804079, 0.690271811120829, 0.6838329798856358, 0.676487310486994]}