{"nli_accuracy": [0.4365234375, 0.50390625, 0.533203125, 0.4816810344827586, 0.5029296875, 0.5087890625, 0.5703125, 0.5301724137931034, 0.5068359375, 0.509765625, 0.5166015625, 0.5560344827586207], "nli_f1": [0.3038749150237933, 0.3385416666666667, 0.34777070063694265, 0.3250909090909091, 0.3346328784925276, 0.3372168284789644, 0.4730144471891609, 0.34854544634864204, 0.33635774465327284, 0.33764553686934023, 0.3406310367031552, 0.3573407202216067], "overall_accuracy": [0.4091796875, 0.5390625, 0.5576171875, 0.5183189655172413, 0.52734375, 0.541015625, 0.5947265625, 0.5581896551724138, 0.541015625, 0.5390625, 0.544921875, 0.5872844827586207], "overall_f1": [0.29036729036729036, 0.3540744542091645, 0.3579937304075235, 0.34137686302342085, 0.3452685421994885, 0.35107731305449935, 0.4824169627317316, 0.3582295988934993, 0.35107731305449935, 0.350253807106599, 0.3527180783817952, 0.3699932111337407], "average_enough_retrieved": [0.97265625, 0.96484375, 0.9755859375, 0.9633620689655172, 0.9755859375, 0.9677734375, 0.9638671875, 0.9698275862068966, 0.9658203125, 0.970703125, 0.9716796875, 0.96875], "average_total_retrieved": [0.9645001564191018, 0.9568801153273813, 0.9653401692708334, 0.9590025874508633, 0.9661245546987736, 0.9606059196879507, 0.9583457341269844, 0.9608169129720856, 0.9665714764835859, 0.9598373170882939, 0.9622023809523811, 0.9569162608225108], "average_loss1": [0.2827969496138394, 0.2838600956602022, 0.27913743257522583, 0.28230392932891846, 0.2817030190490186, 0.28250128496438265, 0.28353518852964044, 0.2817504470204485, 0.28093562996946275, 0.2825060684699565, 0.28190470626577735, 0.2816708044245325], "average_loss2": [0.699326547794044, 0.6934267645701766, 0.692044491879642, 0.6949351044564411, 0.6927682450041175, 0.6925632008351386, 0.6917506060563028, 0.6910794665073526, 0.6917717433534563, 0.6915030204690993, 0.6906232461333275, 0.6865001922023708], "average_total_loss": [0.9821234992705286, 0.9772868645377457, 0.9711819244548678, 0.9772390358406922, 0.9744712659157813, 0.9750644857995212, 0.975285797379911, 0.9728299137847177, 0.9727073777467012, 0.9740090896375477, 0.9725279551930726, 0.9681709984253193]}