{"nli_accuracy": [0.7226722672267226, 0.7226722672267226, 0.7106710671067107, 0.735973597359736, 0.7296729672967297, 0.7407740774077408, 0.6873687368736874, 0.7203720372037203, 0.7356735673567357, 0.7128712871287128, 0.7240724072407241, 0.7288728872887289, 0.722972297229723, 0.7172717271727173, 0.7122712271227123, 0.7152715271527152, 0.6788678867886788, 0.6856685668566856, 0.7274727472747274, 0.7207720772077207, 0.6923692369236923], "nli_f1": [0.4195065312046444, 0.4195065312046444, 0.5344317037076188, 0.5130965772135626, 0.538248744190309, 0.5209924609388688, 0.584182204411249, 0.58040723659186, 0.5221450941877865, 0.5717424921121355, 0.5593022445005316, 0.5494426300581805, 0.5856000435208356, 0.5879276500020839, 0.5887450022767107, 0.5680102890300196, 0.6012285252784485, 0.6050298540197422, 0.5761904891523079, 0.5962465220506157, 0.6010925761143755], "overall_accuracy": [0.6666666666666666, 0.6666666666666666, 0.6668666866686669, 0.6738673867386739, 0.6703670367036704, 0.6720672067206721, 0.6618661866186618, 0.6808680868086808, 0.677967796779678, 0.6762676267626763, 0.6746674667466747, 0.6756675667566757, 0.6774677467746775, 0.6723672367236724, 0.6675667566756676, 0.6724672467246725, 0.6538653865386539, 0.6550655065506551, 0.6666666666666666, 0.6661666166616662, 0.6521652165216522], "overall_f1": [0.4, 0.4, 0.5152540614558354, 0.497110827916555, 0.5196431944590199, 0.4935937058476778, 0.5873945622684422, 0.5720552110157862, 0.501332288401254, 0.5689024283609537, 0.5432118145411778, 0.530498816638788, 0.5734336733545861, 0.5751558125327354, 0.5752777199895521, 0.5528261842343463, 0.5973525112456752, 0.5949529995719979, 0.548333935682744, 0.5716448092122055, 0.5887290897851375], "conditional_accuracy": [0.6666666666666666, 0.6666666666666666, 0.6607660766076607, 0.663066306630663, 0.6581658165816582, 0.6645664566456646, 0.637963796379638, 0.663966396639664, 0.6701670167016701, 0.6570657065706571, 0.6618661866186618, 0.6647664766476648, 0.6592659265926593, 0.6538653865386539, 0.648964896489649, 0.6605660566056606, 0.633063306330633, 0.637063706370637, 0.6542654265426543, 0.6506650665066507, 0.6294629462946295], "conditional_f1": [0.4, 0.4, 0.5013993380414253, 0.4698917748764471, 0.49162622573767384, 0.4747414322918787, 0.5466773183937969, 0.5386691581023565, 0.4817523050027691, 0.5311358503659331, 0.515788915390038, 0.505963405797315, 0.5381777883162642, 0.5404115649539303, 0.541141929816928, 0.5285621290563132, 0.5650489528920113, 0.5665900532896723, 0.5232295464709202, 0.5430746136968847, 0.552171469357517], "average_enough_retrieved": [0.943994399439944, 0.943994399439944, 0.943994399439944, 0.9162916291629163, 0.9162916291629163, 0.9162916291629163, 0.9266926692669267, 0.9266926692669267, 0.9266926692669267, 0.924992499249925, 0.924992499249925, 0.924992499249925, 0.918091809180918, 0.918091809180918, 0.918091809180918, 0.9333933393339334, 0.9333933393339334, 0.9333933393339334, 0.9143914391439144, 0.9143914391439144, 0.9143914391439144], "average_total_retrieved": [0.8950897019716395, 0.8950897019716401, 0.8950897019716395, 0.8442808151666531, 0.8442808151666531, 0.844280815166653, 0.8689484767380052, 0.868948476738005, 0.8689484767380045, 0.8658400706593018, 0.865840070659302, 0.8658400706593015, 0.8460596438431713, 0.8460596438431716, 0.8460596438431717, 0.8820933626551682, 0.882093362655168, 0.882093362655168, 0.8494360493047854, 0.8494360493047857, 0.8494360493047859], "average_loss1": [0.27508072469644484, 0.2635687522257969, 0.2548212715584761, 0.25154843290520323, 0.2471129185265037, 0.24315108634104396, 0.24229216034624987, 0.2388781159167077, 0.23605990618657155, 0.23402659167909318, 0.23223775682175996, 0.23069294034295781, 0.2285058069380985, 0.2252264692904843, 0.22252282680599553, 0.22106182442349234, 0.2184470538880415, 0.21626760843832782, 0.2137824399456097, 0.21392675199706085, 0.21272099103517594], "average_loss2": [0.5991200163106251, 0.5917262032533147, 0.5682504814901169, 0.5473205264966199, 0.5494665368727059, 0.5434975441853711, 0.5675764049694036, 0.5491499741365955, 0.5450043004409523, 0.5493783387029247, 0.5489717680177871, 0.5484285208450002, 0.5396295728956818, 0.54431382467033, 0.5508442147142568, 0.5639565387728868, 0.5799114736402111, 0.5762271157875183, 0.5482053935148155, 0.5557170111662263, 0.5673348791660018], "average_total_loss": [0.8742007446137203, 0.8552949553841998, 0.8230717535231523, 0.7988689579781453, 0.7965794554941213, 0.7866486314755337, 0.8098685684477448, 0.7880280891041846, 0.7810642077664661, 0.783404929622723, 0.7812095265479604, 0.7791214638454899, 0.7681353779355432, 0.7695402924422245, 0.7733670412355168, 0.7850183631963791, 0.7983585284773711, 0.7924947256495238, 0.7619878323214828, 0.7696437642073176, 0.7800558718146792]}