{"nli_accuracy": [0.7320732073207321], "nli_f1": [0.59161625834753], "overall_accuracy": [0.6772677267726772], "overall_f1": [0.5706903716470203], "conditional_accuracy": [0.6605660566056606], "conditional_f1": [0.5380751022897106], "average_enough_retrieved": [0.9117911791179117], "average_total_retrieved": [0.8010156571212672], "average_loss1": [0.2934463469276003], "average_loss2": [0.5347687926641695], "average_total_loss": [0.8282151385477394]}