{"nli_accuracy": [0.641732554142317, 0.6827088346510829, 0.7237538673083533, 0.7279477483671365, 0.7405981436919904, 0.7453420419388106, 0.7530422825713303], "nli_f1": [0.390887390594246, 0.6810210934629235, 0.7173279871218542, 0.7275666556845213, 0.7404921163765237, 0.7452755484823297, 0.75301840944991], "overall_accuracy": [0.44764523891371605, 0.6426950842213819, 0.6464077002406325, 0.6743210725335167, 0.6865589549673428, 0.690340323135098, 0.6969405293915435], "overall_f1": [0.30922302431610943, 0.6402133719073759, 0.646400419556985, 0.6708671200744923, 0.6821031615053254, 0.6860259765156962, 0.6924734987837149], "average_enough_retrieved": [0.8059126847713991, 0.844207631488484, 0.853764180130629, 0.8601581299415607, 0.8613956686146442, 0.8666208319009969, 0.8696459264352011], "average_total_retrieved": [0.7254644262387479, 0.7880172317083627, 0.8035153846764388, 0.812198781032575, 0.8149889723927211, 0.8224023050209038, 0.8255552458122083], "average_loss1": [0.31303051336292637, 0.28947998008184267, 0.28189548307604956, 0.27769188896605845, 0.27503864695889907, 0.2728394511106767, 0.27135324105620384], "average_loss2": [0.6834137081577066, 0.5627826173838816, 0.5179659545160177, 0.5171461698778889, 0.4993376708344409, 0.49779484290302844, 0.4882057161446203], "average_total_loss": [0.9964442216513449, 0.8522625970735884, 0.7998614387031187, 0.7948380564911324, 0.774376317858696, 0.770634294340485, 0.7595589571354682]}