{"nli_accuracy": [0.7337733773377337], "nli_f1": [0.5907548391699395], "overall_accuracy": [0.6792679267926792], "overall_f1": [0.5695599422355297], "conditional_accuracy": [0.6633663366336634], "conditional_f1": [0.538109654676774], "average_enough_retrieved": [0.9136913691369137], "average_total_retrieved": [0.8070812636819232], "average_loss1": [0.23051128731032086], "average_loss2": [0.5472893984454452], "average_total_loss": [0.777800684521912]}